To (Reference group),Cigarette Use Prevalence % (Reference group)
Age 18-24,15.235434412265757
Age 25-44,21.588852459016394
Age 45-64,19.049180327868854
Age 65 or older,9.14688524590164
